SERVICE_TYPE,USAGE_DATE,CREDITS_USED,CREDITS_COMPUTE,CREDITS_CLOUD_SERVICES
WAREHOUSE_METERING,2026-09-23,0.000201110,0E-9,0.000201110
AI_FUNCTIONS,2026-09-25,0.206150072,0.206150072,0E-9
AI_SERVICES,2026-09-25,0.536000000,0.536000000,0E-9
COPY_FILES,2026-09-25,0.000175556,0.000175556,0E-9
CORTEX_AGENTS,2026-09-25,3.662579650,3.662579650,0E-9
CORTEX_SEARCH,2026-09-25,0.000009677,0.000009677,0E-9
PIPE,2026-09-25,0E-9,0E-9,0E-9
SNOWFLAKE_COCO_DESKTOP,2026-09-25,172.757419994,172.757419994,0E-9
SNOWFLAKE_COCO_SNOWSIGHT,2026-09-25,0.256806412,0.256806412,0E-9
TELEMETRY_DATA_INGEST,2026-09-25,0.010658068,0.010658068,0E-9
WAREHOUSE_METERING,2026-09-25,8.190830596,7.811625000,0.379205596
