CHUNK_ID,DOC_ID,CIRCULAR_NO,ISSUE_DATE,PARA_NO,TEXT,PAGE,IS_AMENDMENT,AMENDS_CIRCULAR,CONFLICTS_WITH
d119c2e1-2cb1-4562-8c50-b3d82f795838,0bbd4eb8-5a02-4e04-a437-bcabbf71e9ec,KAVACH/2024/01,11 January 2026,1,"All Regulated Entities (REs) shall report Cash Transaction Reports (CTRs) for all cash transactions of value exceeding Rs. 10,00,000 (Rupees Ten Lakhs) or its equivalent in foreign currency, whether conducted as a single transaction or several transactions that appear to be connected, during a calendar month.",0,False,,
7cdf786f-c226-4b67-adce-73784beb51b5,0bbd4eb8-5a02-4e04-a437-bcabbf71e9ec,KAVACH/2024/01,11 January 2026,2,"All attempts of cash deposits in amounts ranging from Rs. 9,00,000 to Rs. 9,99,999 conducted more than three times in a rolling 30-day period by the same customer or linked accounts shall be flagged as potential structuring and reported as STR.",0,False,,
20f5145e-6110-43a1-b260-e66405210cf5,0bbd4eb8-5a02-4e04-a437-bcabbf71e9ec,KAVACH/2024/01,11 January 2026,3,"For individual cash deposits, any single deposit exceeding Rs. 50,000 at a branch counter must be accompanied by PAN or Form 60 declaration.",0,False,,
2269af07-9c2c-44f6-b673-68ddea7168a0,0bbd4eb8-5a02-4e04-a437-bcabbf71e9ec,KAVACH/2024/01,11 January 2026,4,REs shall implement automated monitoring systems to detect patterns of cash deposits consistently just below reporting thresholds. Such patterns across 30 days shall trigger enhanced scrutiny.,0,False,,
3ce0f42d-2ac6-42ae-b47c-2da60227a351,0bbd4eb8-5a02-4e04-a437-bcabbf71e9ec,KAVACH/2024/01,11 January 2026,5,"Non-compliance with CTR filing shall attract penalties under Section 13 of PMLA, 2002, up to Rs. 1,00,000 per instance.",0,False,,
a599e5dd-c967-406f-a7cd-c7e22aa331e1,0bbd4eb8-5a02-4e04-a437-bcabbf71e9ec,KAVACH/2024/01,11 January 2026,6,All CTRs shall be filed with FIU-IND within 15 days of month close. STRs within 7 working days of identification.,0,False,,
a20447c1-683a-4e79-aeee-37866be1f4c6,0bbd4eb8-5a02-4e04-a437-bcabbf71e9ec,KAVACH/2024/01,11 January 2026,7,"This circular supersedes all previous circulars on cash transaction monitoring thresholds.

SYNTHETIC circular for demonstration. Not actual regulatory guidance.",0,False,,
64c44278-00ae-4771-860f-74ba37c1186f,2d1d3e0e-b4b5-42ac-89c2-1c46e485435e,KAVACH/2024/02,26 February 2026,1,"All REs shall classify customers into risk categories LOW, MEDIUM, HIGH based on business activity, location, source of funds, and profile. Risk categorization reviewed annually.",0,False,,
5d507837-8b34-4fde-b796-a440a81cd076,2d1d3e0e-b4b5-42ac-89c2-1c46e485435e,KAVACH/2024/02,26 February 2026,2,"Enhanced Due Diligence (EDD) mandatory for: (a) PEPs and family/associates, (b) customers from FATF high-risk countries, (c) customers with declared income below Rs. 5,00,000 whose turnover exceeds 10x declared income in any rolling 6-month period.",0,False,,
cd36e29d-120d-46a1-8f23-2510aa984845,2d1d3e0e-b4b5-42ac-89c2-1c46e485435e,KAVACH/2024/02,26 February 2026,3,"For PEPs: (a) Senior management approval for account opening, (b) Establish source of wealth and funds, (c) Enhanced monitoring with quarterly reviews, (d) Any cash transaction exceeding Rs. 5,00,000 triggers automatic STR review.",0,False,,
8f375926-7b57-49c2-956e-beba07c42e1e,2d1d3e0e-b4b5-42ac-89c2-1c46e485435e,KAVACH/2024/02,26 February 2026,4,"KYC re-verification: HIGH risk every 2 years, MEDIUM every 8 years, LOW every 10 years. Failure results in partial account freeze.",0,False,,
f8cbc6a9-be92-4911-ac18-723a7225005d,2d1d3e0e-b4b5-42ac-89c2-1c46e485435e,KAVACH/2024/02,26 February 2026,5,"NRE and NRO accounts undergo enhanced scrutiny when cumulative transfers exceed Rs. 50,00,000 in a financial year.",0,False,,
5fd149cd-6f8c-4d4a-a62a-0777d65ef45c,2d1d3e0e-b4b5-42ac-89c2-1c46e485435e,KAVACH/2024/02,26 February 2026,6,"REs shall maintain digital copies of KYC documents, available to regulators within 48 hours.

SYNTHETIC circular for demonstration. Not actual regulatory guidance.",0,False,,
0176807c-17b7-423c-87b0-b7777fa9f7a9,9810e397-4e42-414d-b221-da19be2de763,KAVACH/2024/03,12 April 2026,1,"All SWIFT and cross-border wire transfers exceeding USD 10,000 shall be screened against OFAC, UN, EU, and domestic sanctions lists.",0,False,,KAVACH/2024/06
3be2fe1f-dbfe-41b1-ad13-6d5695064b05,9810e397-4e42-414d-b221-da19be2de763,KAVACH/2024/03,12 April 2026,2,"Transfers to/from FATF grey/black list countries require: (a) Compliance officer approval, (b) Documented remittance purpose, (c) Enhanced beneficiary due diligence, (d) 90-day post-transaction monitoring.",0,False,,KAVACH/2024/06
7cacb348-00b7-462b-9fb4-76597c29bfad,9810e397-4e42-414d-b221-da19be2de763,KAVACH/2024/03,12 April 2026,3,Real-time screening of wire transfer originators and beneficiaries. Partial name matches with 85% or above similarity score escalated for manual review.,0,False,,KAVACH/2024/06
13d4e6a1-fdde-436e-b0a3-9cc2105c4ec8,9810e397-4e42-414d-b221-da19be2de763,KAVACH/2024/03,12 April 2026,4,Rapid pass-through: funds received via wire and moved out within 24 hours with near-zero balance flagged as layering. Layering defined as 3 or more sequential transfers within 48 hours to different beneficiaries.,0,False,,KAVACH/2024/06
70f934f6-4b83-44fc-8ac0-13565304bd02,9810e397-4e42-414d-b221-da19be2de763,KAVACH/2024/03,12 April 2026,5,Wire transfers must include complete originator information per FATF Recommendation 16.,0,False,,KAVACH/2024/06
01ce6345-2a2a-474f-861f-83b51abb3cb9,9810e397-4e42-414d-b221-da19be2de763,KAVACH/2024/03,12 April 2026,6,"Monthly aggregate reports of cross-border transactions by corridor submitted to FIU-IND by the 10th.

SYNTHETIC circular for demonstration. Not actual regulatory guidance.",0,False,,KAVACH/2024/06
e8aa3b2e-63e3-4773-be65-58bf5c107ab3,9238045a-c0c7-4e34-9d7d-e0975a9f34a2,KAVACH/2024/04,29 May 2026,1,"REs shall detect money mule activity: accounts receiving and immediately transferring funds, typically within 30 minutes, with no apparent economic purpose.",0,False,,
d23d6e1c-2b49-4d7a-9310-a45a4a53564c,9238045a-c0c7-4e34-9d7d-e0975a9f34a2,KAVACH/2024/04,29 May 2026,2,"Indicators: (a) Multiple accounts sharing device identifiers or IPs, (b) Accounts opened within 30 days with coordinated patterns, (c) High-frequency credit-debit pairs under 30 minutes.",0,False,,
00b19eff-2abb-4dff-a714-4676d948b7b5,9238045a-c0c7-4e34-9d7d-e0975a9f34a2,KAVACH/2024/04,29 May 2026,3,"When 5+ accounts sharing 2+ device identifiers process over Rs. 25,00,000 monthly with mule patterns, flag as potential mule ring.",0,False,,
b78b321e-b8f5-42d1-ad10-0aeccb8fc6dd,9238045a-c0c7-4e34-9d7d-e0975a9f34a2,KAVACH/2024/04,29 May 2026,4,"Upon detection: (a) Enhanced monitoring for all ring accounts, (b) Compliance officer notification within 4 hours, (c) STR within 3 working days, (d) 72-hour account freeze option.",0,False,,
ad8eb51f-4073-41c1-9856-ad565782bf37,9238045a-c0c7-4e34-9d7d-e0975a9f34a2,KAVACH/2024/04,29 May 2026,5,"REs shall maintain shared device/IP registry across customer base, updated in near real-time.",0,False,,
35493981-c9bd-481f-97dd-b4b7ec5268bf,9238045a-c0c7-4e34-9d7d-e0975a9f34a2,KAVACH/2024/04,29 May 2026,6,"Quarterly mule detection statistics reported to supervisory department.

SYNTHETIC circular for demonstration. Not actual regulatory guidance.",0,False,,
d8a978ba-5cc8-499b-adb6-a3e74e0c8d5b,e931fb47-4b99-4e5d-9fbe-82f6b91daf25,KAVACH/2024/05,12 July 2026,1,Accounts with no customer-initiated transactions for 24 months classified DORMANT. Reactivation requires in-person or video KYC verification.,0,False,,
dbfd097d-4fa2-4053-998b-51c50a2da9ab,e931fb47-4b99-4e5d-9fbe-82f6b91daf25,KAVACH/2024/05,12 July 2026,2,"Enhanced monitoring triggers: (a) First transaction after reactivation exceeding Rs. 1,00,000, (b) Outward wire within 7 days, (c) Multiple large credits followed by transfers to unknown beneficiaries.",0,False,,
0a81ed8e-d9dc-4e36-b55d-fcb3580c2a9d,e931fb47-4b99-4e5d-9fbe-82f6b91daf25,KAVACH/2024/05,12 July 2026,3,"For digital reactivation: verify device history, IP/geolocation consistency, and new beneficiary additions within 24 hours.",0,False,,
68eca5f8-d352-4963-aa79-393a8b0a16f0,e931fb47-4b99-4e5d-9fbe-82f6b91daf25,KAVACH/2024/05,12 July 2026,4,"Dormant accounts receiving over Rs. 5,00,000 within 30 days of reactivation and transferring 80%+ automatically flagged for STR review.",0,False,,
5878ee81-6af0-4c5f-b23f-6bb829e944c6,e931fb47-4b99-4e5d-9fbe-82f6b91daf25,KAVACH/2024/05,12 July 2026,5,No SWIFT/RTGS from dormant accounts within 30 days of reactivation without compliance officer approval.,0,False,,
c5332ef7-39a5-4dc3-a539-4378169932ec,e931fb47-4b99-4e5d-9fbe-82f6b91daf25,KAVACH/2024/05,12 July 2026,6,"Branch staff must complete mandatory reactivation checklist. Retained for 5 years.

SYNTHETIC circular for demonstration. Not actual regulatory guidance.",0,False,,
b66052cb-c8af-4f51-83a7-51c85f497036,6f71d91f-a1cb-4be3-8b70-9d0e40dbd911,KAVACH/2024/06,29 August 2026,1,REs shall implement graph-based monitoring to detect round-tripping: funds traversing 3+ accounts returning to originator within 7 calendar days.,0,False,,KAVACH/2024/03
8a6412cd-70b9-4947-8b44-ba3e139f190c,6f71d91f-a1cb-4be3-8b70-9d0e40dbd911,KAVACH/2024/06,29 August 2026,2,Layering via domestic channels: 4+ sequential hops within 72 hours where each intermediate account holds funds under 4 hours. This supersedes the layering definition in KAVACH/2024/03 para 4 (3 hops/48 hours for wire transfers).,0,False,,KAVACH/2024/03
07c409c0-2c5e-4818-99df-daccebe83c23,6f71d91f-a1cb-4be3-8b70-9d0e40dbd911,KAVACH/2024/06,29 August 2026,3,"Closely linked accounts include: same customer, immediate family, entities with 25%+ ownership by the customer.",0,False,,KAVACH/2024/03
61f19a6b-1ef9-4053-83fa-32a6d8d15638,6f71d91f-a1cb-4be3-8b70-9d0e40dbd911,KAVACH/2024/06,29 August 2026,4,"System shall trace 5+ hops and flag chains where: (a) Total amount within 5% of original, (b) All transfers within business hours, (c) Vague narrations like payment or transfer.",0,False,,KAVACH/2024/03
8a19d573-4b2b-4f0e-8678-e6f84e047c13,6f71d91f-a1cb-4be3-8b70-9d0e40dbd911,KAVACH/2024/06,29 August 2026,5,"When detected: (a) All chain accounts on 180-day watch list, (b) STR for each account, (c) Aggregate value reported to FIU-IND.",0,False,,KAVACH/2024/03
e383e611-ea4b-4995-8b61-091e4a2e913a,6f71d91f-a1cb-4be3-8b70-9d0e40dbd911,KAVACH/2024/06,29 August 2026,6,"REs shall deploy ML models on known round-tripping patterns for near real-time scoring. AML team review within 24 hours.

SYNTHETIC circular for demonstration. Not actual regulatory guidance.",0,False,,KAVACH/2024/03
3bff1a0b-54fd-4b35-b3ba-75c594494a47,14eb614b-2f92-44bf-b1aa-afd7f719c1e0,KAVACH/2024/07,29 October 2026,1,"Multi-factor authentication mandatory for all digital channels. Transactions exceeding Rs. 2,00,000 require step-up authentication.",0,False,,
063cfd4a-fafa-49ca-8459-db849a48d8de,14eb614b-2f92-44bf-b1aa-afd7f719c1e0,KAVACH/2024/07,29 October 2026,2,"Account takeover indicators triggering real-time alerts: (a) New device + high-value transaction within 60 minutes, (b) New beneficiary + funds transfer in same session, (c) Mobile/email change + transaction within 24 hours.",0,False,,
ed3fadf8-7728-420d-b404-e6547691c405,14eb614b-2f92-44bf-b1aa-afd7f719c1e0,KAVACH/2024/07,29 October 2026,3,"When all three indicators occur within 60 minutes, transaction automatically held for manual verification. Customer contacted via previously registered mobile.",0,False,,
2589b693-fbab-4370-9c1f-88c8a312eb27,14eb614b-2f92-44bf-b1aa-afd7f719c1e0,KAVACH/2024/07,29 October 2026,4,"Device fingerprinting for all digital sessions. Flag: (a) VPN/proxy via IP reputation, (b) Hosting provider/data center IPs, (c) Impossible travel between distant locations.",0,False,,
7ced5b45-214f-467b-bccb-f53849ecbe73,14eb614b-2f92-44bf-b1aa-afd7f719c1e0,KAVACH/2024/07,29 October 2026,5,"Channel limits: UPI Rs. 1,00,000, IMPS Rs. 5,00,000, NEFT enhanced monitoring above Rs. 10,00,000. Max-limit transfer from new device flagged.",0,False,,
8100b2be-d4c6-4ad4-822b-03a4fa52371a,14eb614b-2f92-44bf-b1aa-afd7f719c1e0,KAVACH/2024/07,29 October 2026,6,"Behavioral biometrics or session analytics to detect anomalous patterns deviating from customer baseline.

SYNTHETIC circular for demonstration. Not actual regulatory guidance.",0,False,,
96c87e47-029d-4f93-8ab2-c6249853ee90,c4c9aba5-5792-4fa0-ae2c-842204d6ab3d,KAVACH/2025/01,12 January 2027,1,"In modification of para 1 of KAVACH/2024/01, the CTR threshold is revised from Rs. 10,00,000 to Rs. 15,00,000 (Rupees Fifteen Lakhs), effective 01 April 2025.",0,True,KAVACH/2024/01,
ba1331b2-bbb9-4728-9aaa-4a4e6b54122f,c4c9aba5-5792-4fa0-ae2c-842204d6ab3d,KAVACH/2025/01,12 January 2027,2,"Structuring detection threshold revised: deposits Rs. 13,00,000 to Rs. 14,99,999 conducted 3+ times in 30 days trigger structuring alerts.",0,True,KAVACH/2024/01,
9845a1b9-de0d-4705-8612-8ae2acac9d0c,c4c9aba5-5792-4fa0-ae2c-842204d6ab3d,KAVACH/2025/01,12 January 2027,3,"PAN verification threshold for individual cash deposits at Rs. 50,000 remains unchanged.",0,True,KAVACH/2024/01,
0c825f72-160b-42d1-9f86-52a5c6b2c0fe,c4c9aba5-5792-4fa0-ae2c-842204d6ab3d,KAVACH/2025/01,12 January 2027,4,All other provisions of KAVACH/2024/01 not modified by this amendment continue in force.,0,True,KAVACH/2024/01,
0411fb86-b0f2-4478-836a-3e2574f8d229,c4c9aba5-5792-4fa0-ae2c-842204d6ab3d,KAVACH/2025/01,12 January 2027,5,"REs shall update monitoring systems within 90 days of effective date. During transition, stricter threshold applies.",0,True,KAVACH/2024/01,
ca56af53-9661-416d-85bf-95ffa649b346,c4c9aba5-5792-4fa0-ae2c-842204d6ab3d,KAVACH/2025/01,12 January 2027,6,"Amendment per Standing Committee recommendations, adjusting for inflation while maintaining AML controls.

SYNTHETIC circular for demonstration. Not actual regulatory guidance.",0,True,KAVACH/2024/01,
