RULE_ID,RULE_CANDIDATE_ID,VERSION,RULE_NAME,TYPOLOGY,ENTITY,SQL_TEXT,PARAMS,EFFECTIVE_FROM,EFFECTIVE_TO,SOURCE_CITATION,COMPILED_BY,APPROVED_BY,STATUS,CREATED_AT,APPROVED_AT,REJECTED_BY,REJECTION_REASON,REJECTED_AT
RL-17fd6a3a-3db5-4999-bfd6-a1b06e61478d,RULE-2bc486ac-39a8-4890-a84d-fd4820021dbf,1,KYC_CDD_KAVACH_2024_02_1,KYC_CDD,CUSTOMER,"SELECT c.CUSTOMER_ID, c.CUSTOMER_NAME, c.RISK_CATEGORY, c.KYC_STATUS, c.KYC_LAST_UPDATED, c.DECLARED_ANNUAL_INCOME
FROM KAVACH_DB.CORE.CUSTOMERS c WHERE (c.RISK_CATEGORY = 'HIGH' AND c.KYC_LAST_UPDATED < DATEADD('year', -2, '2024-09-28'::DATE)) OR (c.RISK_CATEGORY = 'MEDIUM' AND c.KYC_LAST_UPDATED < DATEADD('year', -8, '2024-09-28'::DATE)) OR c.KYC_STATUS = 'EXPIRED'",{},2028-09-21,9999-12-31,KAVACH/2024/02 para 1,AI,,PENDING_APPROVAL,2028-09-21 02:31:19.864000,,,,
RL-e49c594e-e63b-4519-8858-e0b6560aaa49,RULE-ce89673f-1ee5-4965-a85f-05abd2810aae,1,KYC_CDD_KAVACH_2024_02_2,KYC_CDD,CUSTOMER,"SELECT c.CUSTOMER_ID, c.CUSTOMER_NAME, c.RISK_CATEGORY, c.KYC_STATUS, c.KYC_LAST_UPDATED, c.DECLARED_ANNUAL_INCOME
FROM KAVACH_DB.CORE.CUSTOMERS c WHERE (c.RISK_CATEGORY = 'HIGH' AND c.KYC_LAST_UPDATED < DATEADD('year', -2, '2024-09-28'::DATE)) OR (c.RISK_CATEGORY = 'MEDIUM' AND c.KYC_LAST_UPDATED < DATEADD('year', -8, '2024-09-28'::DATE)) OR c.KYC_STATUS = 'EXPIRED'",{},2028-09-21,9999-12-31,KAVACH/2024/02 para 2,AI,,PENDING_APPROVAL,2028-09-21 02:31:21.408000,,,,
RL-6a296de1-2978-4fc6-848a-7fbc8673d4d6,RULE-e3951640-60fc-44db-a246-60d3d6f36844,1,ROUND_TRIPPING_KAVACH_2024_06_1,ROUND_TRIPPING,ACCOUNT,"WITH hops AS (SELECT t1.ACCOUNT_ID AS ORIGIN, t1.COUNTERPARTY AS HOP1, t2.COUNTERPARTY AS HOP2, t3.COUNTERPARTY AS HOP3, t1.AMOUNT_INR, DATEDIFF('day', t1.TXN_TS, t3.TXN_TS) AS DAYS_SPAN
FROM KAVACH_DB.CORE.TRANSACTIONS t1 JOIN KAVACH_DB.CORE.TRANSACTIONS t2 ON t1.COUNTERPARTY = t2.ACCOUNT_ID AND t2.DIRECTION = 'DEBIT' AND DATEDIFF('day', t1.TXN_TS, t2.TXN_TS) BETWEEN 0 AND 3
JOIN KAVACH_DB.CORE.TRANSACTIONS t3 ON t2.COUNTERPARTY = t3.ACCOUNT_ID AND t3.DIRECTION = 'DEBIT' AND DATEDIFF('day', t2.TXN_TS, t3.TXN_TS) BETWEEN 0 AND 3
WHERE t1.DIRECTION = 'DEBIT' AND t3.COUNTERPARTY = t1.ACCOUNT_ID AND t1.TXN_TS >= DATEADD('day', -30, '2024-09-28'::TIMESTAMP))
SELECT ORIGIN, HOP1, HOP2, HOP3, AMOUNT_INR, DAYS_SPAN FROM hops",{},2028-09-21,9999-12-31,KAVACH/2024/06 para 1,AI,,PENDING_APPROVAL,2028-09-21 02:31:21.888000,,,,
RL-dbe964c4-0dd6-473c-9b7a-f219aa4ba404,RULE-86fdb9bd-ff56-47b5-b9c9-b3954a565e24,1,ROUND_TRIPPING_KAVACH_2024_06_6,ROUND_TRIPPING,TXN,"WITH hops AS (SELECT t1.ACCOUNT_ID AS ORIGIN, t1.COUNTERPARTY AS HOP1, t2.COUNTERPARTY AS HOP2, t3.COUNTERPARTY AS HOP3, t1.AMOUNT_INR, DATEDIFF('day', t1.TXN_TS, t3.TXN_TS) AS DAYS_SPAN
FROM KAVACH_DB.CORE.TRANSACTIONS t1 JOIN KAVACH_DB.CORE.TRANSACTIONS t2 ON t1.COUNTERPARTY = t2.ACCOUNT_ID AND t2.DIRECTION = 'DEBIT' AND DATEDIFF('day', t1.TXN_TS, t2.TXN_TS) BETWEEN 0 AND 3
JOIN KAVACH_DB.CORE.TRANSACTIONS t3 ON t2.COUNTERPARTY = t3.ACCOUNT_ID AND t3.DIRECTION = 'DEBIT' AND DATEDIFF('day', t2.TXN_TS, t3.TXN_TS) BETWEEN 0 AND 3
WHERE t1.DIRECTION = 'DEBIT' AND t3.COUNTERPARTY = t1.ACCOUNT_ID AND t1.TXN_TS >= DATEADD('day', -30, '2024-09-28'::TIMESTAMP))
SELECT ORIGIN, HOP1, HOP2, HOP3, AMOUNT_INR, DAYS_SPAN FROM hops",{},2028-09-21,9999-12-31,KAVACH/2024/06 para 6,AI,,REJECTED,2028-09-21 02:31:23.465000,,smoke_test,Smoke test rejection,2026-09-25 07:46:20.687000
RL-309ee88f-a1f5-4c80-b79d-51592a42812f,RULE-6e3d5235-c943-47bd-b5e7-60be12534899,1,KYC_CDD_KAVACH_2024_02_6,KYC_CDD,ACCOUNT,"SELECT c.CUSTOMER_ID, c.CUSTOMER_NAME, c.RISK_CATEGORY, c.KYC_STATUS, c.KYC_LAST_UPDATED, c.DECLARED_ANNUAL_INCOME
FROM KAVACH_DB.CORE.CUSTOMERS c WHERE (c.RISK_CATEGORY = 'HIGH' AND c.KYC_LAST_UPDATED < DATEADD('year', -2, '2024-09-28'::DATE)) OR (c.RISK_CATEGORY = 'MEDIUM' AND c.KYC_LAST_UPDATED < DATEADD('year', -8, '2024-09-28'::DATE)) OR c.KYC_STATUS = 'EXPIRED'",{},2028-09-21,9999-12-31,KAVACH/2024/02 para 6,AI,smoke_test,APPROVED,2028-09-21 02:31:24.538000,2026-09-25 07:46:19.851000,,,
RL-bb7d7d5c-4320-41fe-8ded-3aab42a0f6db,RULE-7258d602-9541-493f-a4ea-6e166aef3db2,1,INCOME_MISMATCH_KAVACH_2024_01_4,INCOME_MISMATCH,ACCOUNT,"SELECT c.CUSTOMER_ID, c.CUSTOMER_NAME, c.DECLARED_ANNUAL_INCOME, SUM(t.AMOUNT_INR) AS SIX_MONTH_TURNOVER, SUM(t.AMOUNT_INR) / NULLIF(c.DECLARED_ANNUAL_INCOME, 0) AS TURNOVER_RATIO
FROM KAVACH_DB.CORE.CUSTOMERS c JOIN KAVACH_DB.CORE.ACCOUNTS a ON c.CUSTOMER_ID = a.CUSTOMER_ID JOIN KAVACH_DB.CORE.TRANSACTIONS t ON a.ACCOUNT_ID = t.ACCOUNT_ID
WHERE t.TXN_TS >= DATEADD('month', -6, '2024-09-28'::TIMESTAMP) AND c.DECLARED_ANNUAL_INCOME < 500000
GROUP BY c.CUSTOMER_ID, c.CUSTOMER_NAME, c.DECLARED_ANNUAL_INCOME HAVING SUM(t.AMOUNT_INR) / NULLIF(c.DECLARED_ANNUAL_INCOME, 0) > 10",{},2028-09-21,9999-12-31,KAVACH/2024/01 para 4,AI,,REJECTED,2028-09-21 02:31:27.211000,,smoke_test,Smoke test rejection,2026-09-25 06:33:38.149000
RL-92b17768-844d-4663-bc5e-692b8fdddb8e,RULE-e9c9f694-c6f8-4186-978f-9b5eefcd641e,1,INCOME_MISMATCH_KAVACH_2024_07_1,INCOME_MISMATCH,TXN,"SELECT c.CUSTOMER_ID, c.CUSTOMER_NAME, c.DECLARED_ANNUAL_INCOME, SUM(t.AMOUNT_INR) AS SIX_MONTH_TURNOVER, SUM(t.AMOUNT_INR) / NULLIF(c.DECLARED_ANNUAL_INCOME, 0) AS TURNOVER_RATIO
FROM KAVACH_DB.CORE.CUSTOMERS c JOIN KAVACH_DB.CORE.ACCOUNTS a ON c.CUSTOMER_ID = a.CUSTOMER_ID JOIN KAVACH_DB.CORE.TRANSACTIONS t ON a.ACCOUNT_ID = t.ACCOUNT_ID
WHERE t.TXN_TS >= DATEADD('month', -6, '2024-09-28'::TIMESTAMP) AND c.DECLARED_ANNUAL_INCOME < 500000
GROUP BY c.CUSTOMER_ID, c.CUSTOMER_NAME, c.DECLARED_ANNUAL_INCOME HAVING SUM(t.AMOUNT_INR) / NULLIF(c.DECLARED_ANNUAL_INCOME, 0) > 10",{},2028-09-21,9999-12-31,KAVACH/2024/07 para 1,AI,,REJECTED,2028-09-21 02:31:28.288000,,smoke_test,Smoke test rejection,2026-09-25 06:27:06.383000
RL-5e9fc7c6-df50-4b18-b456-2481b5fe4205,RULE-47b4751a-a7c0-45a6-a0e1-050016476a43,1,CASH_REPORTING_KAVACH_2024_01_6,CASH_REPORTING,TXN,"SELECT t.ACCOUNT_ID, t.TXN_ID, t.AMOUNT_INR, t.TXN_TS, t.CHANNEL
FROM KAVACH_DB.CORE.TRANSACTIONS t
WHERE t.CHANNEL = 'CASH' AND t.AMOUNT_INR >= 1000000 AND t.TXN_TS >= DATEADD('day', -180, '2024-09-28'::TIMESTAMP)",{},2028-09-21,9999-12-31,KAVACH/2024/01 para 6,AI,,PENDING_APPROVAL,2028-09-21 02:31:18.838000,,,,
RL-5cb231e0-2c9f-41aa-a8f2-2493cfcb31bb,RULE-3830b611-75b9-4e3c-8e0c-151f1d1788a3,1,STRUCTURING_KAVACH_2024_04_5,STRUCTURING,ACCOUNT,"SELECT t.ACCOUNT_ID, COUNT(*) AS DEPOSIT_COUNT, SUM(t.AMOUNT_INR) AS TOTAL_AMOUNT, MIN(t.TXN_TS) AS FIRST_TXN, MAX(t.TXN_TS) AS LAST_TXN
FROM KAVACH_DB.CORE.TRANSACTIONS t
WHERE t.CHANNEL = 'CASH' AND t.DIRECTION = 'CREDIT' AND t.AMOUNT_INR BETWEEN 900000 AND 999999 AND t.TXN_TS >= DATEADD('day', -180, '2024-09-28'::TIMESTAMP)
GROUP BY t.ACCOUNT_ID HAVING COUNT(*) >= 3",{},2028-09-21,9999-12-31,KAVACH/2024/04 para 5,AI,,PENDING_APPROVAL,2028-09-21 02:31:19.378000,,,,
RL-2a01fdc2-8ce6-4410-9612-56b062b4c09b,RULE-94673e7e-1ece-4f30-9bd7-753cff338efd,1,DORMANT_REACTIVATION_KAVACH_2024_05_6,DORMANT_REACTIVATION,ACCOUNT,"SELECT a.ACCOUNT_ID, a.STATUS, t.TXN_ID, t.AMOUNT_INR, t.TXN_TS, t.CHANNEL
FROM KAVACH_DB.CORE.ACCOUNTS a JOIN KAVACH_DB.CORE.TRANSACTIONS t ON a.ACCOUNT_ID = t.ACCOUNT_ID
WHERE a.STATUS = 'DORMANT' AND t.DIRECTION = 'DEBIT' AND t.AMOUNT_INR >= 100000 AND t.TXN_TS >= DATEADD('day', -180, '2024-09-28'::TIMESTAMP)",{},2028-09-21,9999-12-31,KAVACH/2024/05 para 6,AI,,PENDING_APPROVAL,2028-09-21 02:31:20.383000,,,,
RL-a081c1c8-7782-49e0-852c-d54b78a753cf,RULE-ddedeb42-d99f-4167-9850-1a787969a519,1,CASH_REPORTING_KAVACH_2024_01_1,CASH_REPORTING,TXN,"SELECT t.ACCOUNT_ID, t.TXN_ID, t.AMOUNT_INR, t.TXN_TS, t.CHANNEL
FROM KAVACH_DB.CORE.TRANSACTIONS t
WHERE t.CHANNEL = 'CASH' AND t.AMOUNT_INR >= 1000000 AND t.TXN_TS >= DATEADD('day', -180, '2024-09-28'::TIMESTAMP)",{},2028-09-21,9999-12-31,KAVACH/2024/01 para 1,AI,,PENDING_APPROVAL,2028-09-21 02:31:20.868000,,,,
RL-10b1831f-6c93-48a8-9b7c-6aa9df2828be,RULE-89abcde3-2429-4a64-881f-f22638d01885,1,CASH_REPORTING_KAVACH_2024_01_3,CASH_REPORTING,TXN,"SELECT t.ACCOUNT_ID, t.TXN_ID, t.AMOUNT_INR, t.TXN_TS, t.CHANNEL
FROM KAVACH_DB.CORE.TRANSACTIONS t
WHERE t.CHANNEL = 'CASH' AND t.AMOUNT_INR >= 1000000 AND t.TXN_TS >= DATEADD('day', -180, '2024-09-28'::TIMESTAMP)",{},2028-09-21,9999-12-31,KAVACH/2024/01 para 3,AI,,PENDING_APPROVAL,2028-09-21 02:31:22.440000,,,,
RL-201d48a1-9f9e-471b-8f24-93d08d807cd1,RULE-70821538-ad75-4ea7-a27e-284229b10e3a,1,HIGH_RISK_SWIFT_KAVACH_2024_03_1,HIGH_RISK_SWIFT,TXN,"SELECT t.TXN_ID, t.ACCOUNT_ID, t.AMOUNT_INR, t.COUNTRY, t.TXN_TS, cr.RISK_LEVEL, cr.FATF_STATUS
FROM KAVACH_DB.CORE.TRANSACTIONS t JOIN KAVACH_DB.REF.COUNTRY_RISK cr ON t.COUNTRY = cr.COUNTRY_CODE
WHERE t.CHANNEL = 'SWIFT' AND cr.RISK_LEVEL IN ('HIGH', 'PROHIBITED') AND t.TXN_TS >= DATEADD('day', -180, '2024-09-28'::TIMESTAMP)",{},2028-09-21,9999-12-31,KAVACH/2024/03 para 1,AI,,PENDING_APPROVAL,2028-09-21 02:31:22.952000,,,,
RL-a43a67c8-7395-4119-aa6a-c419cf4ee020,RULE-405ef780-19b9-4fa9-b2c6-252057da3c11,1,STRUCTURING_KAVACH_2024_01_2,STRUCTURING,ACCOUNT,"SELECT t.ACCOUNT_ID, COUNT(*) AS DEPOSIT_COUNT, SUM(t.AMOUNT_INR) AS TOTAL_AMOUNT, MIN(t.TXN_TS) AS FIRST_TXN, MAX(t.TXN_TS) AS LAST_TXN
FROM KAVACH_DB.CORE.TRANSACTIONS t
WHERE t.CHANNEL = 'CASH' AND t.DIRECTION = 'CREDIT' AND t.AMOUNT_INR BETWEEN 900000 AND 999999 AND t.TXN_TS >= DATEADD('day', -180, '2024-09-28'::TIMESTAMP)
GROUP BY t.ACCOUNT_ID HAVING COUNT(*) >= 3",{},2028-09-21,2028-09-21,KAVACH/2024/01 para 2,AI,,SUPERSEDED,2028-09-21 02:31:23.978000,,,,
RL-fd5c0eb4-a0a4-4a9c-aa4e-0e78a6688c15,RULE-acaa1e99-3557-4b1e-b62f-c4bef5e2a431,1,STRUCTURING_KAVACH_2024_06_4,STRUCTURING,TXN,"SELECT t.ACCOUNT_ID, COUNT(*) AS DEPOSIT_COUNT, SUM(t.AMOUNT_INR) AS TOTAL_AMOUNT, MIN(t.TXN_TS) AS FIRST_TXN, MAX(t.TXN_TS) AS LAST_TXN
FROM KAVACH_DB.CORE.TRANSACTIONS t
WHERE t.CHANNEL = 'CASH' AND t.DIRECTION = 'CREDIT' AND t.AMOUNT_INR BETWEEN 900000 AND 999999 AND t.TXN_TS >= DATEADD('day', -180, '2024-09-28'::TIMESTAMP)
GROUP BY t.ACCOUNT_ID HAVING COUNT(*) >= 3",{},2028-09-21,9999-12-31,KAVACH/2024/06 para 4,AI,,REJECTED,2028-09-21 02:31:25.064000,,smoke_test,Smoke test rejection,2026-09-25 06:53:41.408000
RL-96ecb73a-912e-4658-beef-4ee27e076c94,RULE-c17bdeec-99f6-43cc-8a3a-5156fe37e033,1,CASH_REPORTING_KAVACH_2024_01_5,CASH_REPORTING,TXN,"SELECT t.ACCOUNT_ID, t.TXN_ID, t.AMOUNT_INR, t.TXN_TS, t.CHANNEL
FROM KAVACH_DB.CORE.TRANSACTIONS t
WHERE t.CHANNEL = 'CASH' AND t.AMOUNT_INR >= 1000000 AND t.TXN_TS >= DATEADD('day', -180, '2024-09-28'::TIMESTAMP)",{},2028-09-21,9999-12-31,KAVACH/2024/01 para 5,AI,smoke_test,APPROVED,2028-09-21 02:31:25.531000,2026-09-25 06:53:41.051000,,,
RL-110d68d2-236f-46fc-a568-f1b3ecbbff52,RULE-d8c8696e-6fbf-4a68-bcaa-c29ad251447b,1,MULE_RING_KAVACH_2024_04_1,MULE_RING,ACCOUNT,"WITH shared_devices AS (SELECT d.DEVICE_ID, COUNT(DISTINCT d.ACCOUNT_ID) AS ACCT_COUNT FROM KAVACH_DB.CORE.DEVICES d GROUP BY d.DEVICE_ID HAVING COUNT(DISTINCT d.ACCOUNT_ID) >= 5),
rapid_flow AS (SELECT t1.ACCOUNT_ID, t1.TXN_ID AS CREDIT_TXN, t2.TXN_ID AS DEBIT_TXN, t1.AMOUNT_INR, DATEDIFF('minute', t1.TXN_TS, t2.TXN_TS) AS MINUTES_GAP
FROM KAVACH_DB.CORE.TRANSACTIONS t1 JOIN KAVACH_DB.CORE.TRANSACTIONS t2 ON t1.ACCOUNT_ID = t2.ACCOUNT_ID AND t1.DIRECTION = 'CREDIT' AND t2.DIRECTION = 'DEBIT' AND DATEDIFF('minute', t1.TXN_TS, t2.TXN_TS) BETWEEN 1 AND 30 AND t1.TXN_TS >= DATEADD('day', -180, '2024-09-28'::TIMESTAMP))
SELECT sd.DEVICE_ID, rf.ACCOUNT_ID, rf.AMOUNT_INR, rf.MINUTES_GAP FROM rapid_flow rf JOIN KAVACH_DB.CORE.DEVICES d ON rf.ACCOUNT_ID = d.ACCOUNT_ID JOIN shared_devices sd ON d.DEVICE_ID = sd.DEVICE_ID",{},2028-09-21,9999-12-31,KAVACH/2024/04 para 1,AI,,REJECTED,2028-09-21 02:31:26.169000,,smoke_test,Smoke test rejection,2026-09-25 06:51:18.057000
RL-8eaad572-6ea5-44e6-8db6-443e944e566e,RULE-4e243641-a4b0-4f1d-9156-edeaa1dc9b4a,1,STRUCTURING_KAVACH_2025_01_5,STRUCTURING,SYSTEM,"SELECT t.ACCOUNT_ID, COUNT(*) AS DEPOSIT_COUNT, SUM(t.AMOUNT_INR) AS TOTAL_AMOUNT, MIN(t.TXN_TS) AS FIRST_TXN, MAX(t.TXN_TS) AS LAST_TXN
FROM KAVACH_DB.CORE.TRANSACTIONS t
WHERE t.CHANNEL = 'CASH' AND t.DIRECTION = 'CREDIT' AND t.AMOUNT_INR BETWEEN 900000 AND 999999 AND t.TXN_TS >= DATEADD('day', -180, '2024-09-28'::TIMESTAMP)
GROUP BY t.ACCOUNT_ID HAVING COUNT(*) >= 3",{},2028-09-21,9999-12-31,KAVACH/2025/01 para 5,AI,smoke_test,APPROVED,2028-09-21 02:31:26.688000,2026-09-25 06:51:17.673000,,,
RL-682a9a7a-bea8-4135-a834-54daad12ee18,RULE-1a83d592-96b9-48aa-8468-74b10b93169c,1,WIRE_TRANSFER_KAVACH_2024_03_5,WIRE_TRANSFER,TXN,"SELECT t.TXN_ID, t.ACCOUNT_ID, t.AMOUNT_INR, t.COUNTRY, t.TXN_TS, t.COUNTERPARTY, t.COUNTERPARTY_BANK
FROM KAVACH_DB.CORE.TRANSACTIONS t WHERE t.CHANNEL = 'SWIFT' AND t.AMOUNT_INR >= 850000 AND t.TXN_TS >= DATEADD('day', -180, '2024-09-28'::TIMESTAMP)",{},2028-09-21,9999-12-31,KAVACH/2024/03 para 5,AI,smoke_test,APPROVED,2028-09-21 02:31:27.755000,2026-09-25 06:33:37.767000,,,
RL-d56abd69-baa5-4f20-a819-c1fe3a8fdcfa,RULE-4e243641-a4b0-4f1d-9156-edeaa1dc9b4a,2,v2_STRUCTURING_KAVACH_2025_01,STRUCTURING,SYSTEM,"SELECT t.ACCOUNT_ID, COUNT(*) AS DEPOSIT_COUNT, SUM(t.AMOUNT_INR) AS TOTAL_AMOUNT FROM KAVACH_DB.CORE.TRANSACTIONS t WHERE t.CHANNEL = 'CASH' AND t.DIRECTION = 'CREDIT' AND t.AMOUNT_INR BETWEEN 1300000 AND 1499999 AND t.TXN_TS >= DATEADD('day', -180, '2024-09-28'::TIMESTAMP) GROUP BY t.ACCOUNT_ID HAVING COUNT(*) >= 3",,2028-09-21,9999-12-31,KAVACH/2025/01 (amends KAVACH/2024/01),AI,smoke_test,APPROVED,2028-09-21 02:32:04.815000,2026-09-25 06:27:05.975000,,,
