RULE_ID,CIRCULAR_NO,PARA_NO,OBLIGATION_SUMMARY,TYPOLOGY,ENTITY,CONDITION_FIELDS,THRESHOLDS,TIME_WINDOW,SEVERITY,ACTION_REQUIRED,FILING_DEADLINE_DAYS,SOURCE_QUOTE,STATUS,EXTRACTED_AT
RULE-47b4751a-a7c0-45a6-a0e1-050016476a43,KAVACH/2024/01,6,Filing of CTRs and STRs,CASH_REPORTING,TXN,,,,MEDIUM,CTR,0,All CTRs shall be filed with FIU-IND within 15 days of month close. STRs within 7 working days of identification.,COMPILED,2028-09-21 02:29:12.959000
RULE-3830b611-75b9-4e3c-8e0c-151f1d1788a3,KAVACH/2024/04,5,Maintain shared device/IP registry,STRUCTURING,ACCOUNT,,,,MEDIUM,UPDATE,0,"REs shall maintain shared device/IP registry across customer base, updated in near real-time.",COMPILED,2028-09-21 02:29:12.959000
RULE-2bc486ac-39a8-4890-a84d-fd4820021dbf,KAVACH/2024/02,1,Risk categorization of customers,KYC_CDD,CUSTOMER,,,,MEDIUM,STR,0,"All REs shall classify customers into risk categories LOW, MEDIUM, HIGH based on business activity, location, source of funds, and profile. Risk categorization reviewed annually.",COMPILED,2028-09-21 02:29:12.959000
RULE-94673e7e-1ece-4f30-9bd7-753cff338efd,KAVACH/2024/05,6,Mandatory reactivation checklist,DORMANT_REACTIVATION,ACCOUNT,,,,MEDIUM,ALERT,0,"Branch staff must complete mandatory reactivation checklist. Retained for 5 years.

SYNTHETIC circular for demonstration. Not actual regulatory guidance.",COMPILED,2028-09-21 02:29:12.959000
RULE-ddedeb42-d99f-4167-9850-1a787969a519,KAVACH/2024/01,1,"Reporting of Cash Transaction Reports (CTRs) for cash transactions exceeding Rs. 10,00,000",CASH_REPORTING,TXN,,,,HIGH,CTR,0,"All Regulated Entities (REs) shall report Cash Transaction Reports (CTRs) for all cash transactions of value exceeding Rs. 10,00,000 (Rupees Ten Lakhs) or its equivalent in foreign currency, whether conducted as a single transaction or several transactions that appear to be connected, during a calendar month.",COMPILED,2028-09-21 02:29:12.959000
RULE-ce89673f-1ee5-4965-a85f-05abd2810aae,KAVACH/2024/02,2,Enhanced Due Diligence (EDD) mandatory for certain customers,KYC_CDD,CUSTOMER,,,,HIGH,EDD,0,"Enhanced Due Diligence (EDD) mandatory for: (a) PEPs and family/associates, (b) customers from FATF high-risk countries, (c) customers with declared income below Rs. 5,00,000 whose turnover exceeds 10x declared income in any rolling 6-month period.",COMPILED,2028-09-21 02:29:12.959000
RULE-e3951640-60fc-44db-a246-60d3d6f36844,KAVACH/2024/06,1,Round-tripping detection,ROUND_TRIPPING,ACCOUNT,,,,HIGH,MONITOR,0,REs shall implement graph-based monitoring to detect round-tripping: funds traversing 3+ accounts returning to originator within 7 calendar days.,COMPILED,2028-09-21 02:29:12.959000
RULE-89abcde3-2429-4a64-881f-f22638d01885,KAVACH/2024/01,3,"Reporting of cash transactions exceeding Rs. 50,000",CASH_REPORTING,TXN,,,,MEDIUM,CTR,0,"For individual cash deposits, any single deposit exceeding Rs. 50,000 at a branch counter must be accompanied by PAN or Form 60 declaration.",COMPILED,2028-09-21 02:29:12.959000
RULE-70821538-ad75-4ea7-a27e-284229b10e3a,KAVACH/2024/03,1,"Screen all SWIFT and cross-border wire transfers exceeding USD 10,000 against OFAC, UN, EU, and domestic sanctions lists",HIGH_RISK_SWIFT,TXN,,,,HIGH,SANCTIONS_SCREENING,0,"All SWIFT and cross-border wire transfers exceeding USD 10,000 shall be screened against OFAC, UN, EU, and domestic sanctions lists.",COMPILED,2028-09-21 02:29:12.959000
RULE-86fdb9bd-ff56-47b5-b9c9-b3954a565e24,KAVACH/2024/06,6,Monitor for round-tripping patterns,ROUND_TRIPPING,TXN,,,,HIGH,ALERT,0,"REs shall deploy ML models on known round-tripping patterns for near real-time scoring. AML team review within 24 hours.

SYNTHETIC circular for demonstration. Not actual regulatory guidance.",COMPILED,2028-09-21 02:29:12.959000
RULE-405ef780-19b9-4fa9-b2c6-252057da3c11,KAVACH/2024/01,2,Reporting of Structured Transactions,STRUCTURING,ACCOUNT,,,,HIGH,STR,0,"All attempts of cash deposits in amounts ranging from Rs. 9,00,000 to Rs. 9,99,999 conducted more than three times in a rolling 30-day period by the same customer or linked accounts shall be flagged as potential structuring and reported as STR.",COMPILED,2028-09-21 02:29:12.959000
RULE-6e3d5235-c943-47bd-b5e7-60be12534899,KAVACH/2024/02,6,Maintain digital copies of KYC documents,KYC_CDD,ACCOUNT,,,,MEDIUM,CTR,0,"REs shall maintain digital copies of KYC documents, available to regulators within 48 hours.

SYNTHETIC circular for demonstration. Not actual regulatory guidance.",COMPILED,2028-09-21 02:29:12.959000
RULE-acaa1e99-3557-4b1e-b62f-c4bef5e2a431,KAVACH/2024/06,4,Transaction monitoring,STRUCTURING,TXN,,,,MEDIUM,ALERT,0,"System shall trace 5+ hops and flag chains where: (a) Total amount within 5% of original, (b) All transfers within business hours, (c) Vague narrations like payment or transfer.",COMPILED,2028-09-21 02:29:12.959000
RULE-c17bdeec-99f6-43cc-8a3a-5156fe37e033,KAVACH/2024/01,5,Filing of CTR,CASH_REPORTING,TXN,,,,HIGH,CTR,0,"Non-compliance with CTR filing shall attract penalties under Section 13 of PMLA, 2002, up to Rs. 1,00,000 per instance.",COMPILED,2028-09-21 02:29:12.959000
RULE-d8c8696e-6fbf-4a68-bcaa-c29ad251447b,KAVACH/2024/04,1,Detect money mule activity,MULE_RING,ACCOUNT,,,,HIGH,ALERT,0,"REs shall detect money mule activity: accounts receiving and immediately transferring funds, typically within 30 minutes, with no apparent economic purpose.",COMPILED,2028-09-21 02:29:12.959000
RULE-4e243641-a4b0-4f1d-9156-edeaa1dc9b4a,KAVACH/2025/01,5,Update monitoring systems,STRUCTURING,SYSTEM,,,,MEDIUM,UPDATE,0,"REs shall update monitoring systems within 90 days of effective date. During transition, stricter threshold applies.",COMPILED,2028-09-21 02:29:12.959000
RULE-7258d602-9541-493f-a4ea-6e166aef3db2,KAVACH/2024/01,4,Implement automated monitoring systems to detect cash deposits patterns,INCOME_MISMATCH,ACCOUNT,,,,MEDIUM,MONITOR,0,REs shall implement automated monitoring systems to detect patterns of cash deposits consistently just below reporting thresholds. Such patterns across 30 days shall trigger enhanced scrutiny.,COMPILED,2028-09-21 02:29:12.959000
RULE-1a83d592-96b9-48aa-8468-74b10b93169c,KAVACH/2024/03,5,Provide complete originator information for wire transfers,WIRE_TRANSFER,TXN,,,,MEDIUM,CTR,0,Wire transfers must include complete originator information per FATF Recommendation 16.,COMPILED,2028-09-21 02:29:12.959000
RULE-e9c9f694-c6f8-4186-978f-9b5eefcd641e,KAVACH/2024/07,1,Verify transaction amount,INCOME_MISMATCH,TXN,,,,MEDIUM,ALERT,0,"Multi-factor authentication mandatory for all digital channels. Transactions exceeding Rs. 2,00,000 require step-up authentication.",COMPILED,2028-09-21 02:29:12.959000
