CONFLICT_ID,RULE_ID_A,RULE_ID_B,TYPOLOGY,ENTITY,DESCRIPTION,CITATION_A,CITATION_B,DETECTED_AT,STATUS
CONF-5a463d2a-10ed-4a85-bd2e-40ba4e875140,RL-5e9fc7c6-df50-4b18-b456-2481b5fe4205,RL-a081c1c8-7782-49e0-852c-d54b78a753cf,CASH_REPORTING,TXN,Overlapping active rules on CASH_REPORTING/TXN from different circulars,KAVACH/2024/01 para 6,KAVACH/2024/01 para 1,2026-09-25 02:32:44.315000,OPEN
CONF-6f324b37-b437-4f70-b1f6-7469e038b0fc,RL-5e9fc7c6-df50-4b18-b456-2481b5fe4205,RL-96ecb73a-912e-4658-beef-4ee27e076c94,CASH_REPORTING,TXN,Overlapping active rules on CASH_REPORTING/TXN from different circulars,KAVACH/2024/01 para 6,KAVACH/2024/01 para 5,2026-09-25 02:32:44.560000,OPEN
CONF-353fe9a6-75b0-49c9-92a4-ad37407d4ce2,RL-17fd6a3a-3db5-4999-bfd6-a1b06e61478d,RL-e49c594e-e63b-4519-8858-e0b6560aaa49,KYC_CDD,CUSTOMER,Overlapping active rules on KYC_CDD/CUSTOMER from different circulars,KAVACH/2024/02 para 1,KAVACH/2024/02 para 2,2026-09-25 02:32:44.782000,OPEN
CONF-77640376-163f-4f42-8868-4289071c5412,RL-10b1831f-6c93-48a8-9b7c-6aa9df2828be,RL-5e9fc7c6-df50-4b18-b456-2481b5fe4205,CASH_REPORTING,TXN,Overlapping active rules on CASH_REPORTING/TXN from different circulars,KAVACH/2024/01 para 3,KAVACH/2024/01 para 6,2026-09-25 02:32:45.015000,OPEN
CONF-d204adc2-1390-4c8f-84b4-a30a5df881c9,RL-10b1831f-6c93-48a8-9b7c-6aa9df2828be,RL-a081c1c8-7782-49e0-852c-d54b78a753cf,CASH_REPORTING,TXN,Overlapping active rules on CASH_REPORTING/TXN from different circulars,KAVACH/2024/01 para 3,KAVACH/2024/01 para 1,2026-09-25 02:32:45.239000,OPEN
CONF-558dfc0a-5e3b-4e7e-9770-b7ed6c4a23b4,RL-10b1831f-6c93-48a8-9b7c-6aa9df2828be,RL-96ecb73a-912e-4658-beef-4ee27e076c94,CASH_REPORTING,TXN,Overlapping active rules on CASH_REPORTING/TXN from different circulars,KAVACH/2024/01 para 3,KAVACH/2024/01 para 5,2026-09-25 02:32:45.438000,OPEN
CONF-0e8e4dc8-27d5-41b2-b347-c63a726b9903,RL-96ecb73a-912e-4658-beef-4ee27e076c94,RL-a081c1c8-7782-49e0-852c-d54b78a753cf,CASH_REPORTING,TXN,Overlapping active rules on CASH_REPORTING/TXN from different circulars,KAVACH/2024/01 para 5,KAVACH/2024/01 para 1,2026-09-25 02:32:45.673000,OPEN
CONF-23ca67e7-555b-4829-b3fd-f8cd2ad490e0,RL-8eaad572-6ea5-44e6-8db6-443e944e566e,RL-d56abd69-baa5-4f20-a819-c1fe3a8fdcfa,STRUCTURING,SYSTEM,Overlapping active rules on STRUCTURING/SYSTEM from different circulars,KAVACH/2025/01 para 5,KAVACH/2025/01 (amends KAVACH/2024/01),2026-09-25 02:32:45.920000,OPEN
CONF-c53d4f70-4211-446b-a31f-a210d4db882f,RL-201d48a1-9f9e-471b-8f24-93d08d807cd1,RL-6a296de1-2978-4fc6-848a-7fbc8673d4d6,LAYERING_DEFINITION,TXN,"The conflict lies in the differing definitions of ""layering"" between the two circulars. Circular KAVACH/2024/03 defines layering as 3 or more sequential transfers within 48 hours, while Circular KAVACH/2024/06 defines it as 4 or more sequential hops within 72 hours. The key difference is the number of transfers required to be considered layering (3 vs 4) and the time frame (48 hours vs 72 hours).",KAVACH/2024/03 para 4,KAVACH/2024/06 para 2,2026-09-25 02:33:54.308000,OPEN
